url,address,property_type,bedrooms,bathrooms,size_sq_ft,tenure,nearest_station,price
https://www.rightmove.co.uk/properties/128093876#/?channel=RES_BUY,"Penistone Road, Huddersfield, HD8",Detached,×4,×2,,Freehold,0.4 miles,"£360,000"
https://www.rightmove.co.uk/properties/131229497#/?channel=RES_BUY,"Cumberworth Road, 
Skelmanthorpe,
HD8 9AW",Detached,×5,,,Ask developer,1.0 miles,"£359,950"
https://www.rightmove.co.uk/properties/131378747#/?channel=RES_BUY,"Station Road, Skelmanthorpe, Huddersfield, HD8 9BA",End of Terrace,×3,×2,"1,068 sq. ft.",Freehold,1.8 miles,"£355,000"
https://www.rightmove.co.uk/properties/132321542#/?channel=RES_BUY,"Eastfield, Shepley, Huddersfield, West Yorkshire, HD8",Bungalow,×3,×1,,Freehold,0.3 miles,"£350,000"
https://www.rightmove.co.uk/properties/130288418#/?channel=RES_BUY,"Long Lane, Clayton West, HD8 9PR",Detached,×4,×2,,Freehold,2.8 miles,"£350,000"
https://www.rightmove.co.uk/properties/131291966#/?channel=RES_BUY,"Denby Lane, Upper Denby, Huddersfield, HD8 8UN",Detached,×2,×2,,Freehold,0.9 miles,"£350,000"
https://www.rightmove.co.uk/properties/132093038#/?channel=RES_BUY,"Park Gate Drive, Scissett, Huddersfield",End of Terrace,×3,×1,,Leasehold,2.3 miles,"£168,750"
https://www.rightmove.co.uk/properties/132198182#/?channel=RES_BUY,"Low Fold Court, Denby Lane, Upper Denby, Huddersfield, HD8 8TZ",End of Terrace,×3,×2,979 sq. ft.,Freehold,0.8 miles,"£350,000"
https://www.rightmove.co.uk/properties/132910502#/?channel=RES_BUY," Gas Works Yard, Huddersfield",Semi-Detached,×4,×1,,Freehold,0.4 miles,"£350,000"
https://www.rightmove.co.uk/properties/126006389#/?channel=RES_BUY,"Cleveland Way, Shelley, HD8",Detached,×4,×2,,Freehold,0.5 miles,"£350,000"
https://www.rightmove.co.uk/properties/130239083#/?channel=RES_BUY,"The Maltings, Shepley, Huddersfield, West Yorkshire, HD8",Detached,×4,×2,,Freehold,0.2 miles,"£350,000"
https://www.rightmove.co.uk/properties/131156435#/?channel=RES_BUY,"Heritage Court, Scissett, Huddersfield",Detached,×4,×2,,Freehold,2.3 miles,"£350,000"
https://www.rightmove.co.uk/properties/132578396#/?channel=RES_BUY,"Wakefield Road, Denby Dale, Huddersfield, West Yorkshire, HD8",Semi-Detached,×3,×1,,Freehold,0.1 miles,"£350,000"
https://www.rightmove.co.uk/properties/126426992#/?channel=RES_BUY,"Cleveland Way, Shelley, HUDDERSFIELD",Detached,×4,×2,,Freehold,0.5 miles,"£350,000"
https://www.rightmove.co.uk/properties/128947904#/?channel=RES_BUY,"Abbey Road,
Shepley,
HD8 8DY",Detached,×3,×3,923 sq. ft.,Freehold,0.2 miles,"£349,950"
https://www.rightmove.co.uk/properties/131239955#/?channel=RES_BUY,"Abbey Road,
Shepley,
HD8 8DY",End of Terrace,×3,×3,"1,068 sq. ft.",Freehold,0.2 miles,"£349,950"
https://www.rightmove.co.uk/properties/128085752#/?channel=RES_BUY,"Heather Fold, Skelmanthorpe, Huddersfield",Detached Bungalow,×3,×1,,Freehold,1.3 miles,"£345,000"
https://www.rightmove.co.uk/properties/131532596#/?channel=RES_BUY,"Station Road, Skelmanthorpe, Huddersfield, HD8 9BA",Town House,×3,×2,"1,068 sq. ft.",Freehold,1.8 miles,"£345,000"
https://www.rightmove.co.uk/properties/130300466#/?channel=RES_BUY,"Commercial Road, Skelmanthorpe, Huddersfield HD8 9DX",Detached Bungalow,×3,×2,"1,206 sq. ft.",Freehold,1.4 miles,"£340,000"
https://www.rightmove.co.uk/properties/86062218#/?channel=RES_BUY,"The Park, Kirkburton, Huddersfield",Town House,×4,×3,,Freehold,1.4 miles,"£340,000"
https://www.rightmove.co.uk/properties/131044913#/?channel=RES_BUY,"Rowley Lane, Fenay Bridge, Huddersfield",Detached,×2,,,Freehold,2.3 miles,"£340,000"
https://www.rightmove.co.uk/properties/131312342#/?channel=RES_BUY,"Trinity Drive, Denby Dale, Huddersfield HD8 8UZ",Detached,×4,×3,"1,185 sq. ft.",Freehold,0.2 miles,"£340,000"
https://www.rightmove.co.uk/properties/120338249#/?channel=RES_BUY,"Pennine Rise, Scissett, Huddersfield",Detached Bungalow,×3,×2,,Freehold,2.1 miles,"£339,950"
https://www.rightmove.co.uk/properties/132313397#/?channel=RES_BUY,"Parkwood Close, Shelley, Huddersfield, West Yorkshire, HD8",Detached,×3,×1,,Freehold,0.6 miles,"£335,000"
https://www.rightmove.co.uk/properties/131930600#/?channel=RES_BUY,"Shepley, Huddersfield, HD8",Detached Bungalow,×3,×1,,Freehold,0.3 miles,"£335,000"
https://www.rightmove.co.uk/properties/132272315#/?channel=RES_BUY,"Woodside, Denby Dale, Huddersfield, HD8",Detached Bungalow,×4,×2,,Freehold,0.5 miles,"£325,000"
https://www.rightmove.co.uk/properties/132642950#/?channel=RES_BUY,"Riley Park, Kirkburton, Huddersfield",Detached,×2,×3,,Freehold,1.3 miles,"£325,000"
https://www.rightmove.co.uk/properties/131044892#/?channel=RES_BUY,"Rowley Lane, Fenay Bridge, Huddersfield",Detached,×2,,,Freehold,2.3 miles,"£325,000"
https://www.rightmove.co.uk/properties/132756065#/?channel=RES_BUY,"Blackthorn Way, Scissett, Huddersfield",Semi-Detached,×5,×3,,Freehold,2.2 miles,"£325,000"
https://www.rightmove.co.uk/properties/129262595#/?channel=RES_BUY,"High Street, Clayton West, Huddersfield, West Yorkshire, HD8",Link Detached House,×4,×1,,Freehold,2.6 miles,"£325,000"
https://www.rightmove.co.uk/properties/132549044#/?channel=RES_BUY,"Highgate Avenue, Lepton, Huddersfield",Semi-Detached,×5,×2,,Freehold,2.7 miles,"£325,000"
https://www.rightmove.co.uk/properties/132201623#/?channel=RES_BUY,"Doctor Lane, Shelley, Huddersfield",Detached Bungalow,×3,×2,,Freehold,0.8 miles,"£500,000"
https://www.rightmove.co.uk/properties/129794816#/?channel=RES_BUY,"Elm Street, Skelmanthorpe, Huddersfield HD8 9BH",Detached Bungalow,×3,×1,872 sq. ft.,Freehold,1.4 miles,"£325,000"
https://www.rightmove.co.uk/properties/131414108#/?channel=RES_BUY,"Elm Court, Huddersfield, HD8",Semi-Detached,×3,×1,,Freehold,1.7 miles,"£325,000"
https://www.rightmove.co.uk/properties/130489829#/?channel=RES_BUY,"Huddersfield Road, Shelley, Huddersfield",Detached Bungalow,×3,×2,"1,098 sq. ft.",Freehold,0.9 miles,"£325,000"
https://www.rightmove.co.uk/properties/132246119#/?channel=RES_BUY,"Hillside, Huddersfield HD8 8QZ",Detached,×4,,,Freehold,0.4 miles,"£325,000"
https://www.rightmove.co.uk/properties/129996515#/?channel=RES_BUY,"Park Drive, Shelley, Huddersfield, West Yorkshire, HD8",Bungalow,×3,×2,960 sq. ft.,Ask agent,0.5 miles,"£325,000"
https://www.rightmove.co.uk/properties/125256596#/?channel=RES_BUY,"Wood Nook, Denby Dale, Huddersfield",Detached,×4,×1,,Freehold,0.2 miles,"£325,000"
https://www.rightmove.co.uk/properties/131591348#/?channel=RES_BUY,"Warburton, Emley, Huddersfield",End of Terrace,×3,×1,,Freehold,3.0 miles,"£325,000"
https://www.rightmove.co.uk/properties/131229500#/?channel=RES_BUY,"Cumberworth Road, 
Skelmanthorpe,
HD8 9AW",Detached,×4,,,Ask developer,1.0 miles,"£324,950"
https://www.rightmove.co.uk/properties/122884649#/?channel=RES_BUY,"Ings Mill Avenue, Clayton West, Huddersfield",Detached,×5,×2,,Freehold,2.5 miles,"£320,000"
https://www.rightmove.co.uk/properties/96651562#/?channel=RES_BUY,"Tunsh Cottage, Turnshaw Road, Kirkburton, Huddersfield HD8 0RT",Detached,×3,×1,"1,217 sq. ft.",Freehold,1.4 miles,"£315,000"
https://www.rightmove.co.uk/properties/132763823#/?channel=RES_BUY,"Plot 15, Boggart Lane, Skelmanthoroe",Semi-Detached,×3,×2,,Freehold,1.7 miles,"£315,000"
https://www.rightmove.co.uk/properties/130736405#/?channel=RES_BUY,"Tailors Green, The Lilac, Plot 8, Shepley, Huddersfield, West Yorkshire, HD8",Semi-Detached,×3,×2,,Freehold,0.4 miles,"£315,000"
https://www.rightmove.co.uk/properties/131369360#/?channel=RES_BUY,"Huddersfield Road, Shelley, Huddersfield, West Yorkshire, HD8",Detached,×4,×1,,Freehold,0.9 miles,"£300,000"
https://www.rightmove.co.uk/properties/129937847#/?channel=RES_BUY,"Birkhead Close, Huddersfield, HD8",Terraced,×4,×2,,Freehold,1.6 miles,"£300,000"
https://www.rightmove.co.uk/properties/131190974#/?channel=RES_BUY,"Firth Street, Shepley, Huddersfield",End of Terrace,×4,×2,,Freehold,0.4 miles,"£300,000"
https://www.rightmove.co.uk/properties/132222269#/?channel=RES_BUY,"Grenoside View, Kirkburton, Huddersfield",Terraced,×4,×3,,Freehold,1.6 miles,"£300,000"
https://www.rightmove.co.uk/properties/131986778#/?channel=RES_BUY,"Foxglove Drive, Kirkburton, Huddersfield",Semi-Detached,×3,×3,,Freehold,1.6 miles,"£300,000"
https://www.rightmove.co.uk/properties/131830475#/?channel=RES_BUY,"Commercial Road, Skelmanthorpe, Huddersfield, HD8 9DS",Semi-Detached,×3,×1,,Freehold,1.5 miles,"£300,000"
https://www.rightmove.co.uk/properties/85978485#/?channel=RES_BUY,"Woodlands Avenue, Lepton, Huddersfield",House,×3,×1,"1,186 sq. ft.",Freehold,2.6 miles,"£300,000"
https://www.rightmove.co.uk/properties/131272790#/?channel=RES_BUY,"Cumberworth Road, 
Skelmanthorpe,
HD8 9AW",Detached,×3,,,Ask developer,1.0 miles,"£299,950"
https://www.rightmove.co.uk/properties/130930694#/?channel=RES_BUY,"Lydgate Drive, Lepton, Huddersfield",Semi-Detached Bungalow,×3,×2,,Freehold,2.8 miles,"£299,950"
https://www.rightmove.co.uk/properties/123991175#/?channel=RES_BUY,"Ings Mill Avenue, Clayton West, Huddersfield HD8 9QG",Detached Bungalow,×4,×2,"1,324 sq. ft.",Freehold,2.6 miles,"£295,000"
https://www.rightmove.co.uk/properties/128671802#/?channel=RES_BUY,"Westfield Drive, Skelmanthorpe, Huddersfield, HD8 9AN",Semi-Detached Bungalow,×3,×2,969 sq. ft.,Freehold,1.1 miles,"£294,000"
https://www.rightmove.co.uk/properties/132715148#/?channel=RES_BUY,"Hanby Close, Fenay Bridge, Huddersfield, HD8 0FZ",Town House,×4,×3,"1,045 sq. ft.",Freehold,2.3 miles,"£285,000"
https://www.rightmove.co.uk/properties/125910605#/?channel=RES_BUY,"Off Heather Fold, Skelmanthorpe, Huddersfield",Detached,×4,×3,,Freehold,1.2 miles,"£625,000"
https://www.rightmove.co.uk/properties/132453116#/?channel=RES_BUY,"Hanby Close, Fenay Bridge, Huddersfield",End of Terrace,×4,×2,,Freehold,2.3 miles,"£285,000"
https://www.rightmove.co.uk/properties/130039724#/?channel=RES_BUY,"Lane Head Road, Shepley, Huddersfield",Detached,×3,×1,,Freehold,0.4 miles,"£285,000"
https://www.rightmove.co.uk/properties/130213445#/?channel=RES_BUY,"Far Bank, Shelley, Huddersfield",Cottage,×3,×2,,Freehold,0.6 miles,"£280,000"
https://www.rightmove.co.uk/properties/128077859#/?channel=RES_BUY,"Bilham Road, Clayton West, Huddersfield",Detached,×2,×1,,Freehold,2.8 miles,"£280,000"
https://www.rightmove.co.uk/properties/129262700#/?channel=RES_BUY,"Cumberworth Lane, Lower Cumberworth, Huddersfield, West Yorkshire, HD8",Semi-Detached,×4,×1,,Freehold,0.6 miles,"£280,000"
https://www.rightmove.co.uk/properties/131857595#/?channel=RES_BUY,"Station Road, Fenay Bridge, Huddersfield, West Yorkshire, HD8",Semi-Detached,×3,×2,,Freehold,2.6 miles,"£280,000"
https://www.rightmove.co.uk/properties/131485799#/?channel=RES_BUY,"Sycamore Court, Kirkburton, Huddersfield",Detached Bungalow,×2,×2,,Freehold,1.7 miles,"£280,000"
https://www.rightmove.co.uk/properties/132762449#/?channel=RES_BUY,"Rishworth Avenue, Emley, Huddersfield HD8 9SB",Detached Bungalow,×2,×1,894 sq. ft.,Freehold,3.1 miles,"£280,000"
https://www.rightmove.co.uk/properties/86005494#/?channel=RES_BUY,"Pilling Lane, 
Off Pennine Way, 
Scissett, 
HD8 9HU
",Semi-Detached,×3,,,Ask developer,2.1 miles,"£279,950"
https://www.rightmove.co.uk/properties/132656816#/?channel=RES_BUY,"Pilling Lane, Scissett, Huddersfield, West Yorkshire, HD8",Detached,×3,×2,,Ask agent,2.1 miles,"£279,950"
https://www.rightmove.co.uk/properties/114127070#/?channel=COM_BUY,"Blenheim Chase, Scissett",Plot,,,,,2.0 miles,"£275,000"
https://www.rightmove.co.uk/properties/131821586#/?channel=RES_BUY,"Burton Acres Lane, Highburton, Huddersfield, West Yorkshire, HD8",Detached,×2,×2,,Freehold,1.7 miles,"£275,000"
https://www.rightmove.co.uk/properties/130746734#/?channel=RES_BUY,"Spring Grove, Huddersfield, West Yorkshire",Detached,×4,×1,,Freehold,2.2 miles,"£275,000"
https://www.rightmove.co.uk/properties/132585122#/?channel=RES_BUY,"Holmfirth Road, Shepley, Huddersfield, West Yorkshire, HD8",Semi-Detached,×4,×2,,Freehold,0.9 miles,"£275,000"
https://www.rightmove.co.uk/properties/132095108#/?channel=RES_BUY,"Springfield Avenue, Huddersfield, HD8",Semi-Detached,×3,×1,,Freehold,2.2 miles,"£270,000"
https://www.rightmove.co.uk/properties/131724302#/?channel=RES_BUY,"Green Acre Drive, Upper Denby, Huddersfield",Semi-Detached Bungalow,×2,×1,,Freehold,0.9 miles,"£270,000"
https://www.rightmove.co.uk/properties/132114272#/?channel=RES_BUY,"Balk Lane, Upper Cumberworth, Huddersfield",Terraced,×3,×1,,Freehold,0.8 miles,"£270,000"
https://www.rightmove.co.uk/properties/127176152#/?channel=RES_BUY,"Field Head Farm Court, Shepley, Huddersfield",Detached,×3,×2,,Freehold,0.2 miles,"£269,950"
https://www.rightmove.co.uk/properties/131866634#/?channel=RES_BUY,"Lane Head Road, Shepley",Semi-Detached,×3,×1,,Ask agent,0.5 miles,"£268,000"
https://www.rightmove.co.uk/properties/129657524#/?channel=RES_BUY,"Lane Head Road, Shepley, Huddersfield",Cottage,×3,×1,,Freehold,0.5 miles,"£268,000"
https://www.rightmove.co.uk/properties/131377799#/?channel=RES_BUY,"99 Lane Head Road, Shepley, Huddersfield, HD8 8DB ",End of Terrace,×3,×1,,Freehold,0.5 miles,"£268,000"
https://www.rightmove.co.uk/properties/130144490#/?channel=RES_BUY,"Abbey Road, Shepley, Huddersfield HD8 8DY",Terraced,×3,×2,"1,141 sq. ft.",Freehold,0.3 miles,"£265,000"
https://www.rightmove.co.uk/properties/131346494#/?channel=RES_BUY,"Huddersfield Road, Skelmanthorpe, Huddersfield HD8 9AR",Terraced,×4,×1,"1,195 sq. ft.",Freehold,1.3 miles,"£260,000"
https://www.rightmove.co.uk/properties/128312474#/?channel=RES_BUY,"Brook Meadows, Denby Dale, Huddersfield",Town House,×4,×2,,Freehold,0.6 miles,"£255,000"
https://www.rightmove.co.uk/properties/129228167#/?channel=RES_BUY,"Hawthorne Way, Shelley, Huddersfield, West Yorkshire, HD8",Detached,×4,×3,,Freehold,0.8 miles,"£470,000"
https://www.rightmove.co.uk/properties/130213415#/?channel=RES_BUY,"Strike Lane, Skelmanthorpe, Huddersfield HD8 9AY",Semi-Detached,×3,×1,829 sq. ft.,Freehold,1.5 miles,"£254,800"
https://www.rightmove.co.uk/properties/130475360#/?channel=RES_BUY,"Stocks Way, Shepley, Huddersfield HD8 8DL",Semi-Detached,×3,×1,,Freehold,0.4 miles,"£250,000"
https://www.rightmove.co.uk/properties/132496913#/?channel=RES_BUY,"Lane Side, Kirkburton, Huddersfield",Semi-Detached,×3,×2,,Freehold,1.8 miles,"£250,000"
https://www.rightmove.co.uk/properties/126479012#/?channel=RES_BUY,"Jagger Lane, Emley Moor, Huddersfield",Cottage,×2,×1,,Freehold,2.5 miles,"£250,000"
https://www.rightmove.co.uk/properties/127517834#/?channel=RES_BUY,24 Brook MeadowsWakefield RoadDenby Dale,Town House,×4,,,Freehold,0.6 miles,"£250,000"
https://www.rightmove.co.uk/properties/128761706#/?channel=RES_BUY,"Lydgate Drive, Lepton, Huddersfield, West Yorkshire, HD8",Bungalow,×2,×1,,Freehold,2.7 miles,"£250,000"
https://www.rightmove.co.uk/properties/127373711#/?channel=RES_BUY,"Abbey Road, Shepley, Huddersfield",Semi-Detached,×3,×1,,Freehold,0.2 miles,"£250,000"
https://www.rightmove.co.uk/properties/132712727#/?channel=RES_BUY,"Wharfedale Crescent, Huddersfield",Semi-Detached Bungalow,×3,×2,,Freehold,1.3 miles,"£250,000"
https://www.rightmove.co.uk/properties/130908104#/?channel=RES_BUY,"Abbey Drive, Shepley, Huddersfield",Semi-Detached,×3,×1,,Freehold,0.0 miles,"£245,000"
https://www.rightmove.co.uk/properties/126068060#/?channel=RES_BUY,"Longden Walk, Lepton, Huddersfield",Semi-Detached,×3,×1,836 sq. ft.,Freehold,2.7 miles,"£245,000"
https://www.rightmove.co.uk/properties/130535723#/?channel=RES_BUY,"Cumberworth Road, 
Skelmanthorpe,
HD8 9AW",End of Terrace,×3,,,Ask developer,1.0 miles,"£244,950"
https://www.rightmove.co.uk/properties/130191971#/?channel=RES_BUY,"Gardeners Walk, Skelmanthorpe, Huddersfield",End of Terrace,×3,×1,,Freehold,1.3 miles,"£240,000"
https://www.rightmove.co.uk/properties/131581013#/?channel=RES_BUY,"Westfield Avenue, Skelmanthorpe, Huddersfield",Semi-Detached,×2,×1,,Freehold,1.2 miles,"£240,000"
https://www.rightmove.co.uk/properties/130757861#/?channel=RES_BUY,"Tailors Green, The Lilac, Plot 12, Abbey Road, Shepley, Huddersfield, HD8",Town House,×3,×2,,Freehold,0.4 miles,"£240,000"
https://www.rightmove.co.uk/properties/132634313#/?channel=RES_BUY,"Barnsley Road
Denby Dale
HD8 8QW",Terraced,×2,×1,764 sq. ft.,Freehold,0.2 miles,"£235,000"
https://www.rightmove.co.uk/properties/132711548#/?channel=RES_BUY,"Turnshaw Avenue, Kirkburton, Huddersfield",Semi-Detached,×3,×1,,Freehold,1.7 miles,"£230,000"
https://www.rightmove.co.uk/properties/132419579#/?channel=RES_BUY,"Yew Tree Road, Shepley, Huddersfield",End of Terrace,×2,×1,,Freehold,0.2 miles,"£230,000"
https://www.rightmove.co.uk/properties/132920411#/?channel=RES_BUY,"Gilthwaites Lane, Denby Dale, Huddersfield",House,×3,×2,"1,197 sq. ft.",Freehold,0.6 miles,"£230,000"
https://www.rightmove.co.uk/properties/124517375#/?channel=RES_BUY,"Carr Hill Road, Upper Cumberworth, Huddersfield",Cottage,×3,×1,,Freehold,1.0 miles,"£230,000"
https://www.rightmove.co.uk/properties/131285975#/?channel=RES_BUY,"Woodlands Drive, Skelmanthorpe, Huddersfield, HD8 9DB",Bungalow,×2,×1,,Ask agent,1.3 miles,"£230,000"
https://www.rightmove.co.uk/properties/130879508#/?channel=RES_BUY,"Earthswood Country Park, Bank End Lane, Clayton West",Bungalow,×2,×2,,Leasehold,2.7 miles,"£229,995"
https://www.rightmove.co.uk/properties/128843915#/?channel=RES_BUY,"Cumberworth Road, 
Skelmanthorpe,
HD8 9AW",Terraced,×3,,,Ask developer,1.0 miles,"£229,950"
https://www.rightmove.co.uk/properties/130176089#/?channel=RES_BUY,"Earthswood Country Park, Bank End, Clayton West, West Yorkshire",Park Home,×2,,,Ask agent,2.7 miles,"£229,950"
https://www.rightmove.co.uk/properties/130176092#/?channel=RES_BUY,"Earthswood Country Park, Bank End, Clayton West, West Yorkshire",Park Home,×2,,,Ask agent,2.7 miles,"£229,950"
https://www.rightmove.co.uk/properties/132338342#/?channel=RES_BUY,"Station Road, Skelmanthorpe, Huddersfield, HD8 9BA",Semi-Detached,×3,×2,"1,131 sq. ft.",Freehold,1.8 miles,"£367,000"
https://www.rightmove.co.uk/properties/132309353#/?channel=RES_BUY,"Primrose Cottages, Huddersfield, HD8",Semi-Detached,×3,×1,,Freehold,1.3 miles,"£225,000"
https://www.rightmove.co.uk/properties/130805618#/?channel=RES_BUY,"Ridge Close, Skelmanthorpe, Huddersfield HD8 9DJ",Semi-Detached Bungalow,×2,×1,797 sq. ft.,Freehold,1.1 miles,"£225,000"
https://www.rightmove.co.uk/properties/132664967#/?channel=RES_BUY,"Rowley Lane, Lepton, Huddersfield, West Yorkshire, HD8",Semi-Detached,×3,×1,,Freehold,2.7 miles,"£220,000"
https://www.rightmove.co.uk/properties/128033618#/?channel=RES_BUY,"Rowley Drive, Fenay Bridge",Semi-Detached Bungalow,×3,×1,,Freehold,2.6 miles,"£220,000"
https://www.rightmove.co.uk/properties/129262583#/?channel=RES_BUY,"Fleet Street, Scissett, Huddersfield, West Yorkshire, HD8",End of Terrace,×3,×1,,Freehold,1.9 miles,"£220,000"
https://www.rightmove.co.uk/properties/132083627#/?channel=RES_BUY,"Fenay Bridge Road, Fenay Bridge",End of Terrace,×3,×2,,Freehold,2.2 miles,"£220,000"
https://www.rightmove.co.uk/properties/129023156#/?channel=RES_BUY,"Yew Tree Road, Shepley, Huddersfield",Semi-Detached,×2,×1,,Freehold,0.1 miles,"£220,000"
https://www.rightmove.co.uk/properties/131805671#/?channel=RES_BUY,"Garden Terrace, Denby Dale, Huddersfield",Terraced,×2,×1,,Freehold,0.4 miles,"£215,000"
https://www.rightmove.co.uk/properties/132157046#/?channel=RES_BUY,"Fleet Street, Scissett",Terraced,×3,×1,,Freehold,1.9 miles,"£215,000"
https://www.rightmove.co.uk/properties/131765009#/?channel=RES_BUY, Baildon Way  Skelmanthorpe  Huddersfield,Terraced,×2,×1,,Freehold,1.7 miles,"£210,000"
https://www.rightmove.co.uk/properties/132215597#/?channel=RES_BUY,"Wakefield Road, Denby Dale, Huddersfield HD8 8QD",End of Terrace,×2,×1,732 sq. ft.,Freehold,0.1 miles,"£210,000"
https://www.rightmove.co.uk/properties/124141448#/?channel=RES_BUY,"St. Johns Court, Huddersfield, HD8",Bungalow,×2,×1,,Freehold,2.7 miles,"£210,000"
https://www.rightmove.co.uk/properties/129262589#/?channel=RES_BUY,"Bromley Bank, Denby Dale, Huddersfield, West Yorkshire, HD8",End of Terrace,×2,×1,,Ask agent,0.1 miles,"£210,000"
https://www.rightmove.co.uk/properties/113859689#/?channel=RES_BUY,"Manor Park Way, Lepton, Huddersfield",Bungalow,×3,×1,,Freehold,2.6 miles,"£210,000"
https://www.rightmove.co.uk/properties/132180851#/?channel=RES_BUY,"Park Avenue, Shelley, Huddersfield, HD8 8JY",Semi-Detached,×3,×1,,Ask agent,0.6 miles,"£210,000"
https://www.rightmove.co.uk/properties/86042235#/?channel=RES_BUY,"Highgate Avenue, Lepton, Huddersfield, West Yorkshire, HD8",Semi-Detached,×3,×1,,Freehold,2.8 miles,"£210,000"
https://www.rightmove.co.uk/properties/130879097#/?channel=RES_BUY,"Bank End Lane, Clayton West",Bungalow,×2,×2,,Leasehold,2.7 miles,"£209,950"
https://www.rightmove.co.uk/properties/131969876#/?channel=RES_BUY,"Church Lane, Clayton West, Huddersfield",Apartment,×2,×1,,Leasehold,2.6 miles,"£204,950"
https://www.rightmove.co.uk/properties/132864659#/?channel=RES_BUY,"Croft Head, Skelmanthorpe, HD8 9EB",Detached,×3,×1,,Freehold,1.5 miles,"£200,000"
https://www.rightmove.co.uk/properties/131989826#/?channel=RES_BUY,"Riley Lane, Kirkburton, Huddersfield",Terraced,×2,×1,,Freehold,1.3 miles,"£200,000"
https://www.rightmove.co.uk/properties/132328364#/?channel=RES_BUY,"Church Street, Emley, Huddersfield",Cottage,×3,×2,,Freehold,3.2 miles,"£200,000"
https://www.rightmove.co.uk/properties/132488996#/?channel=RES_BUY,"Savile Street, Emley, Huddersfield",Semi-Detached,×3,×1,,Freehold,3.2 miles,"£200,000"
https://www.rightmove.co.uk/properties/132562400#/?channel=RES_BUY,"Cumberworth Lane, Lower Cumberworth, Huddersfield",Terraced,×3,×1,,Freehold,0.6 miles,"£200,000"
https://www.rightmove.co.uk/properties/130176095#/?channel=RES_BUY,"Earthswood Country Park, Bank End, Clayton West, West Yorkshire",Park Home,×2,,,Ask agent,2.7 miles,"£200,000"
https://www.rightmove.co.uk/properties/129228167#/?channel=RES_BUY,"Hawthorne Way, Shelley, Huddersfield, West Yorkshire, HD8",Detached,×4,×3,,Freehold,0.8 miles,"£470,000"
https://www.rightmove.co.uk/properties/131588162#/?channel=RES_BUY,"Far Dene, Kirkburton, Huddersfield",Detached,×2,×2,,Freehold,1.7 miles,"£199,950"
https://www.rightmove.co.uk/properties/129400940#/?channel=RES_BUY,"Fairfield Rise, Kirkburton, Huddersfield",Detached Bungalow,×2,×1,,Leasehold,1.2 miles,"£198,750"
https://www.rightmove.co.uk/properties/130969382#/?channel=RES_BUY,"Highgate Terrace, Lepton",End of Terrace,×3,×1,,Freehold,2.7 miles,"£195,000"
https://www.rightmove.co.uk/properties/126542927#/?channel=RES_BUY,"Victoria Street, Clayton West, Huddersfield, HD8 9NW",Terraced,×2,×1,,Freehold,2.4 miles,"£193,500"
https://www.rightmove.co.uk/properties/132624110#/?channel=RES_BUY,"Gilthwaites Lane, Denby Dale, Huddersfield HD8 8SG",Terraced,×3,×1,926 sq. ft.,Freehold,0.7 miles,"£185,000"
https://www.rightmove.co.uk/properties/132483626#/?channel=RES_BUY,"Savile Street, Emley, Huddersfield",Semi-Detached,×3,×1,,Freehold,3.2 miles,"£185,000"
https://www.rightmove.co.uk/properties/130642412#/?channel=RES_BUY,"Norman Road, Denby Dale, HD8",End of Terrace,×2,×1,,Freehold,0.2 miles,"£185,000"
https://www.rightmove.co.uk/properties/130472315#/?channel=RES_BUY,"Norman Road, Denby Dale, Huddersfield, West Yorkshire, HD8",End of Terrace,×2,×1,,Freehold,0.2 miles,"£185,000"
https://www.rightmove.co.uk/properties/131982692#/?channel=RES_BUY,"Heator Lane, Huddersfield, HD8",Semi-Detached,×2,×1,,Freehold,0.9 miles,"£185,000"
https://www.rightmove.co.uk/properties/132855665#/?channel=RES_BUY,"Warburton, Emley, Huddersfield, HD8",Terraced,×2,×1,,Freehold,3.0 miles,"£185,000"
https://www.rightmove.co.uk/properties/130887980#/?channel=RES_BUY,"Commercial Road, Skelmanthorpe, Huddersfield",Cottage,×2,×1,625 sq. ft.,Freehold,1.4 miles,"£185,000"
https://www.rightmove.co.uk/properties/128711093#/?channel=RES_BUY,"Norman Road, Denby Dale, Huddersfield HD8 8TH",Terraced,×3,×1,,Freehold,0.2 miles,"£180,000"
https://www.rightmove.co.uk/properties/130408844#/?channel=RES_BUY,"Baildon Way, Huddersfield",Semi-Detached,×2,×2,,Freehold,1.7 miles,"£180,000"
https://www.rightmove.co.uk/properties/132744323#/?channel=RES_BUY,"Holmfield Close, Clayton West, Huddersfield, West Yorkshire, HD8",Semi-Detached Bungalow,×2,×1,,Freehold,2.6 miles,"£180,000"
https://www.rightmove.co.uk/properties/130878266#/?channel=RES_BUY,"Bank End Lane, Clayton West",Bungalow,×2,×1,,Leasehold,2.7 miles,"£179,995"
https://www.rightmove.co.uk/properties/130176086#/?channel=RES_BUY,"Earthswood Country Park, Bank End, Clayton West, West Yorkshire",Park Home,×2,,,Ask agent,2.7 miles,"£179,950"
https://www.rightmove.co.uk/properties/132296249#/?channel=RES_BUY,"Saville Road, Huddersfield",Semi-Detached,×2,×1,,Freehold,1.6 miles,"£175,000"
https://www.rightmove.co.uk/properties/130878242#/?channel=RES_BUY,"Norman Road, Denby Dale",Terraced,×2,×1,,Ask agent,0.2 miles,"£175,000"
https://www.rightmove.co.uk/properties/130446812#/?channel=RES_BUY,"Saville Road, Skelmanthorpe, Huddersfield, HD8 9ED",Semi-Detached,×2,×1,,Ask agent,1.6 miles,"£175,000"
https://www.rightmove.co.uk/properties/132737903#/?channel=RES_BUY,"Penistone Road, Fenay Bridge, Huddersfield, West Yorkshire, HD8 0LF",Cottage,×2,×1,,Ask agent,2.0 miles,"£170,000"
https://www.rightmove.co.uk/properties/132328358#/?channel=RES_BUY,"Church Street, Emley, Huddersfield",Cottage,×2,×1,,Freehold,3.2 miles,"£170,000"
https://www.rightmove.co.uk/properties/130878200#/?channel=RES_BUY,"Cumberworth Lane, Lower Cumberworth",Terraced,×2,×1,,Freehold,0.5 miles,"£169,000"
https://www.rightmove.co.uk/properties/132093038#/?channel=RES_BUY,"Park Gate Drive, Scissett, Huddersfield",End of Terrace,×3,×1,,Leasehold,2.3 miles,"£168,750"
https://www.rightmove.co.uk/properties/131474237#/?channel=RES_BUY,"North Road, Kirkburton, Huddersfield, HD8",Terraced,×2,×1,,Freehold,1.5 miles,"£165,000"
https://www.rightmove.co.uk/properties/129228167#/?channel=RES_BUY,"Hawthorne Way, Shelley, Huddersfield, West Yorkshire, HD8",Detached,×4,×3,,Freehold,0.8 miles,"£470,000"
https://www.rightmove.co.uk/properties/130659977#/?channel=RES_BUY,"Woodlands Close, Denby Dale, Huddersfield, West Yorkshire, HD8",Terraced,×3,×1,,Freehold,0.5 miles,"£165,000"
https://www.rightmove.co.uk/properties/127998152#/?channel=RES_BUY,"Bilham Road, Clayton West, Huddersfield, HD8",Terraced,×2,×1,,Freehold,2.7 miles,"£160,000"
https://www.rightmove.co.uk/properties/130878122#/?channel=RES_BUY,"Crown Terrace, Clayton West",Semi-Detached,×2,×1,,Freehold,2.7 miles,"£155,000"
https://www.rightmove.co.uk/properties/86069307#/?channel=RES_BUY,"Pond Lane, Lepton, Huddersfield, West Yorkshire, HD8",End of Terrace,×2,×1,,Freehold,2.8 miles,"£150,000"
https://www.rightmove.co.uk/properties/129140519#/?channel=RES_BUY,"Lane Head Lane, Huddersfield",End of Terrace,×2,×1,,Freehold,1.4 miles,"£150,000"
https://www.rightmove.co.uk/properties/126892349#/?channel=RES_BUY,"The Park, Kirkburton, Huddersfield HD8 0NP",Apartment,×2,×1,,Leasehold,1.4 miles,"£149,000"
https://www.rightmove.co.uk/properties/131255585#/?channel=RES_BUY,"Station Road, Skelmanthorpe, Huddersfield, HD8 9BA",Terraced,×1,×1,472 sq. ft.,Freehold,1.8 miles,"£148,000"
https://www.rightmove.co.uk/properties/131074376#/?channel=RES_BUY,"Commercial Road, Skelmanthorpe, Huddersfield",Cottage,×2,×1,688 sq. ft.,Freehold,1.4 miles,"£145,000"
https://www.rightmove.co.uk/properties/129262622#/?channel=RES_BUY,"King Street, Skelmanthorpe, Huddersfield, West Yorkshire, HD8",Terraced,×2,×1,,Freehold,1.5 miles,"£140,000"
https://www.rightmove.co.uk/properties/122845115#/?channel=RES_BUY,"Elm Street, Skelmanthorpe, Huddersfield",Terraced,×2,×1,,Freehold,1.4 miles,"£140,000"
https://www.rightmove.co.uk/properties/129801158#/?channel=RES_BUY,"Station Road, Skelmanthorpe, Huddersfield HD8 9BA",Terraced,×3,×1,614 sq. ft.,Freehold,1.8 miles,"£135,000"
https://www.rightmove.co.uk/properties/132911912#/?channel=RES_BUY,"Penistone Road, Kirkburton, Huddersfield, West Yorkshire, HD8",Terraced,×2,×1,,Freehold,1.4 miles,"£130,000"
https://www.rightmove.co.uk/properties/131979269#/?channel=RES_BUY,"Penistone Road, Kirkburton, Huddersfield, West Yorkshire, HD8",Terraced,×2,×1,,Freehold,1.4 miles,"£125,000"
https://www.rightmove.co.uk/properties/130074425#/?channel=RES_BUY,"Rowley Lane, Lepton, Huddersfield",Terraced,×2,×1,,Freehold,2.7 miles,"£120,000"
https://www.rightmove.co.uk/properties/132127055#/?channel=RES_BUY,"Cuttlehurst, Scissett, Huddersfield",Apartment,×1,×1,,Freehold,1.8 miles,"£119,950"
https://www.rightmove.co.uk/properties/126206843#/?channel=RES_BUY,"The Park, Kirkburton, Huddersfield",Apartment,×2,×1,625 sq. ft.,Leasehold,1.4 miles,"£115,000"
https://www.rightmove.co.uk/properties/131145737#/?channel=RES_BUY,"Huddersfield Road, Huddersfield, West Yorkshire, HD8",Terraced,×1,×1,440 sq. ft.,Ask agent,1.4 miles,"£100,000"
https://www.rightmove.co.uk/properties/132569828#/?channel=COM_BUY,"Clayton West Baptist Chapel, High Street, Clayton West, Huddersfield, HD8",Plot,,,,,2.6 miles,"£90,000"
https://www.rightmove.co.uk/properties/132278864#/?channel=RES_BUY,"Chapel Close, Skelmanthorpe, Huddersfield, West Yorkshire, HD8 9AT",Flat,×1,,,Leasehold,1.4 miles,"£75,000"
https://www.rightmove.co.uk/properties/131827526#/?channel=RES_BUY,"Chapel Close, Skelmanthorpe, Huddersfield, HD8 9AT",Apartment,×1,×1,,Leasehold,1.4 miles,"£75,000"
https://www.rightmove.co.uk/properties/114127247#/?channel=COM_BUY,"Barnsley Road, Scissett, Huddersfield",Plot,,,,,2.0 miles,"£73,500"
https://www.rightmove.co.uk/properties/130273817#/?channel=RES_BUY,"The Park, Kirkburton, Huddersfield, West Yorkshire, HD8",Apartment,×1,×1,,Leasehold,3443.0 miles,"£70,000"
https://www.rightmove.co.uk/properties/130088426#/?channel=RES_BUY,"Mill Moor Road, Meltham",End of Terrace,×2,×1,652 sq. ft.,Freehold,2.4 miles,"£125,000"
https://www.rightmove.co.uk/properties/129302783#/?channel=RES_BUY,"Honley, Holmfirth, West Yorkshire, HD9",Detached,×8,×4,,Freehold,0.2 miles,"£2,500,000"
https://www.rightmove.co.uk/properties/132518837#/?channel=RES_BUY,"Meltham Road, Honley, Holmfirth",Detached,×5,×4,,Freehold,1.5 miles,"£1,650,000"
https://www.rightmove.co.uk/properties/122961359#/?channel=RES_BUY,"Holme House Lane, New Mill, Holmfirth",Detached,×6,×4,,Freehold,1.8 miles,"£1,600,000"
https://www.rightmove.co.uk/properties/131067047#/?channel=COM_BUY,"Land at New Mill Road, Holmfirth, Huddersfield, New Mill Road, Holmfirth",,,,,,1.3 miles,POA
https://www.rightmove.co.uk/properties/130523642#/?channel=RES_BUY,"Stoney Bank Road, Thongsbridge, Holmfirth",Detached,×7,×4,"4,014 sq. ft.",Freehold,1.0 miles,"£1,395,000"
https://www.rightmove.co.uk/properties/127554458#/?channel=RES_BUY,"Westgate, Holmfirth, HD9",Country House,×4,×2,,Freehold,0.6 miles,"£1,300,000"
https://www.rightmove.co.uk/properties/123233345#/?channel=RES_BUY,"Knowle Top, Wood Nook Between Honley And Meltham, Holmfirth",Detached,×4,×2,,Freehold,2.3 miles,"£1,295,000"
https://www.rightmove.co.uk/properties/121407869#/?channel=RES_BUY,"Heys Road, Thongsbridge",Detached,×4,×4,,Freehold,1.1 miles,"£1,200,000"
https://www.rightmove.co.uk/properties/132753176#/?channel=RES_BUY,"Binns Lane, Holmfirth",Detached,×5,×2,,Freehold,2.1 miles,"£1,150,000"
https://www.rightmove.co.uk/properties/132437918#/?channel=RES_BUY,"Coldhill Lane, New Mill, Holmfirth, HD9 7JX",Detached,×5,×5,"3,369 sq. ft.",Freehold,1.4 miles,"£1,150,000"
https://www.rightmove.co.uk/properties/127414523#/?channel=RES_BUY,"Cartworth Road, Holmfirth",Detached,×5,×3,,Freehold,2.4 miles,"£999,950"
https://www.rightmove.co.uk/properties/130205669#/?channel=RES_BUY,"Miry Lane, Thongsbridge",Detached,×5,×3,"3,350 sq. ft.",Freehold,1.0 miles,"£950,000"
https://www.rightmove.co.uk/properties/127009265#/?channel=RES_BUY,"Bent Ley Road, Holmfirth, HD9",Detached,×4,×2,,Ask agent,2.0 miles,"£900,000"
https://www.rightmove.co.uk/properties/132202016#/?channel=RES_BUY,"Coldhill Lane, New Mill, Holmfirth",Detached,×5,×4,,Freehold,1.4 miles,"£895,000"
https://www.rightmove.co.uk/properties/109544792#/?channel=RES_BUY,"Sandbeds, Honley, Holmfirth",Detached,×3,×3,,Freehold,0.6 miles,"£850,000"
https://www.rightmove.co.uk/properties/127465427#/?channel=RES_BUY,"Dunford Road, Holmfirth",Detached,×5,×3,,Freehold,2.4 miles,"£850,000"
https://www.rightmove.co.uk/properties/124192058#/?channel=RES_BUY,"Wilshaw Road, Meltham, Holmfirth",Detached,×5,×3,,Freehold,2.4 miles,"£825,000"
https://www.rightmove.co.uk/properties/130489436#/?channel=RES_BUY,"Wickens Lane, Upperthong, Holmfirth",Barn Conversion,×5,×3,,Freehold,2.3 miles,"£800,000"
https://www.rightmove.co.uk/properties/127003175#/?channel=RES_BUY,"New Mill Road, Holmfirth",Detached,×5,×5,"4,144 sq. ft.",Freehold,1.2 miles,"£800,000"
https://www.rightmove.co.uk/properties/131607956#/?channel=RES_BUY,"Gynn Lane, Honley, Holmfirth",Detached,×6,×2,,Freehold,0.3 miles,"£795,000"
https://www.rightmove.co.uk/properties/129126743#/?channel=RES_BUY,"Colders Lane, Meltham, Holmfirth",Detached,×5,×3,,Freehold,2.5 miles,"£795,000"
https://www.rightmove.co.uk/properties/128650313#/?channel=RES_BUY,"Colders Lane, Meltham",Detached,×5,×3,,Freehold,2.5 miles,"£795,000"
https://www.rightmove.co.uk/properties/127787837#/?channel=RES_BUY,"Huddersfield Road, Thongsbridge",Detached,×6,×3,"3,272 sq. ft.",Freehold,1.2 miles,"£750,000"
https://www.rightmove.co.uk/properties/132587036#/?channel=RES_BUY,"River Holme View (Plot 4), Brockholes, Holmfirth",Detached,×5,×2,"3,232 sq. ft.",Freehold,0.3 miles,"£750,000"
https://www.rightmove.co.uk/properties/132699536#/?channel=RES_BUY,"New Mill Road, Brockholes, Holmfirth",Semi-Detached,×4,×2,,Freehold,0.3 miles,"£340,000"
https://www.rightmove.co.uk/properties/132587027#/?channel=RES_BUY,"River Holme View (Plot 8), Brockholes, Holmfirth",Detached,×5,×2,"3,232 sq. ft.",Freehold,0.3 miles,"£750,000"
https://www.rightmove.co.uk/properties/132849569#/?channel=RES_BUY,"Fulstone Hall Lane, New Mill HD9",House,×4,×3,,Freehold,1.7 miles,"£750,000"
https://www.rightmove.co.uk/properties/123380396#/?channel=RES_BUY,"Sheffield Road, Hepworth, Holmfirth",Barn Conversion,×3,×2,,Freehold,3.1 miles,"£750,000"
https://www.rightmove.co.uk/properties/131057624#/?channel=RES_BUY,River Holme View (Plots 4 & 8) Brockholes HD9,House,×5,×3,"3,000 sq. ft.",Freehold,0.3 miles,"£750,000"
https://www.rightmove.co.uk/properties/131532872#/?channel=RES_BUY,"Deer Hill End Road, Meltham",Barn Conversion,×5,×3,"2,600 sq. ft.",Freehold,1.5 miles,"£725,000"
https://www.rightmove.co.uk/properties/132587048#/?channel=RES_BUY,"River Holme View (Plot 5), Brockholes, Holmfirth",Detached,×5,×2,,Freehold,0.3 miles,"£715,000"
https://www.rightmove.co.uk/properties/131057687#/?channel=RES_BUY,River Holme View (Plot 5) Brockholes HD9,House,×5,×3,"3,000 sq. ft.",Freehold,0.3 miles,"£715,000"
https://www.rightmove.co.uk/properties/129383411#/?channel=RES_BUY,"Brownhill Lane, Holmbridge, Holmfirth",Detached,×3,×2,,Freehold,3.8 miles,"£699,500"
https://www.rightmove.co.uk/properties/128287034#/?channel=RES_BUY,"West Ley, Honley, Holmfirth",Detached,×5,×3,,Freehold,0.8 miles,"£675,000"
https://www.rightmove.co.uk/properties/130864592#/?channel=RES_BUY,"Ward Place Lane, Holmfirth",Cottage,×3,×2,,Freehold,2.5 miles,"£650,000"
https://www.rightmove.co.uk/properties/127210496#/?channel=RES_BUY,"Dunford Road, Holmfirth",Detached,×3,×2,"2,000 sq. ft.",Freehold,2.1 miles,"£650,000"
https://www.rightmove.co.uk/properties/125933087#/?channel=RES_BUY,"Station Road, Meltham",Detached,×4,×2,,Freehold,2.6 miles,"£650,000"
https://www.rightmove.co.uk/properties/127844405#/?channel=RES_BUY,"Plot 2 at Marsh Gardens, Honley HD9",House,×4,×2,"2,000 sq. ft.",Freehold,0.6 miles,"£625,000"
https://www.rightmove.co.uk/properties/132009470#/?channel=RES_BUY,"New Mill Road, Brockholes, Holmfirth",Detached,×6,×3,,Freehold,0.2 miles,"£620,000"
https://www.rightmove.co.uk/properties/128098415#/?channel=RES_BUY,"Station Road, Meltham",Detached,×4,×2,"1,893 sq. ft.",Freehold,2.6 miles,"£615,000"
https://www.rightmove.co.uk/properties/132112859#/?channel=RES_BUY,"Plot 1 at Marsh Gardens, Honley HD9",House,×4,×2,"2,000 sq. ft.",Freehold,0.6 miles,Coming Soon
https://www.rightmove.co.uk/properties/128462249#/?channel=RES_BUY,"off Liphill Bank Road, Holmfirth, HD9",Character Property,×4,×2,,Freehold,2.5 miles,"£600,000"
https://www.rightmove.co.uk/properties/128021816#/?channel=RES_BUY,"Dobb Top Road, Holmbridge",Detached,×4,×2,"1,829 sq. ft.",Freehold,3.3 miles,"£599,950"
https://www.rightmove.co.uk/properties/128684540#/?channel=RES_BUY,"Woodhead Road/Shaw Lane, Holmfirth, West Yorkshire, HD9",Detached,×3,×2,,Freehold,2.9 miles,"£580,000"
https://www.rightmove.co.uk/properties/131142575#/?channel=RES_BUY,"Sheffield Road, New Mill, Holmfirth",Detached,×4,×2,,Freehold,2.2 miles,"£575,000"
https://www.rightmove.co.uk/properties/125933162#/?channel=RES_BUY,"Station Road, Meltham",Detached,×4,×2,,Freehold,2.6 miles,"£565,000"
https://www.rightmove.co.uk/properties/125933141#/?channel=RES_BUY,"Station Road, Meltham",Detached,×4,×2,,Freehold,2.6 miles,"£565,000"
https://www.rightmove.co.uk/properties/126546215#/?channel=RES_BUY,"Hillside Avenue, Hepworth, Holmfirth, HD9",Detached,×7,×3,,Freehold,2.8 miles,"£565,000"
https://www.rightmove.co.uk/properties/131155790#/?channel=RES_BUY,"Boshaw Mews, Scholes, Holmfirth",Detached,×5,×3,,Freehold,2.6 miles,"£550,000"
https://www.rightmove.co.uk/properties/130403279#/?channel=RES_BUY,"Scotgate Road,
HD9 6RE
",Semi-Detached,×3,,,Ask developer,0.9 miles,"£344,995"
https://www.rightmove.co.uk/properties/131835845#/?channel=RES_BUY,"Staley Royd Lane, Jackson Bridge",Detached,×4,×2,"2,157 sq. ft.",Freehold,2.4 miles,"£550,000"
https://www.rightmove.co.uk/properties/131801276#/?channel=RES_BUY,"Greenhill Bank Road, New Mill, Holmfirth, HD9",Detached,×4,×2,,Freehold,1.6 miles,"£550,000"
https://www.rightmove.co.uk/properties/131985986#/?channel=RES_BUY,"Rosegarth Avenue, Holmfirth",Detached,×5,×4,,Freehold,1.2 miles,"£550,000"
https://www.rightmove.co.uk/properties/132676724#/?channel=RES_BUY,"Summervale, Holmfirth, HD9",Detached,×4,×2,,Freehold,1.6 miles,"£550,000"
https://www.rightmove.co.uk/properties/131492612#/?channel=RES_BUY,"West Nab View, Meltham",Detached,×4,×2,,Freehold,2.3 miles,"£535,000"
https://www.rightmove.co.uk/properties/129824978#/?channel=RES_BUY,"Summer View, Holmfirth",Detached,×4,×2,,Freehold,1.9 miles,"£530,000"
https://www.rightmove.co.uk/properties/131932034#/?channel=RES_BUY,"Scotgate Road,
HD9 6RE
",Detached,×4,,,Ask developer,0.9 miles,"£529,995"
https://www.rightmove.co.uk/properties/128505602#/?channel=RES_BUY,"Summer View, Holmfirth",Detached,×4,×2,,Freehold,1.3 miles,"£525,000"
https://www.rightmove.co.uk/properties/131315576#/?channel=RES_BUY,"Hall Ing Lane, Honley, Holmfirth, HD9",Character Property,×4,×1,,Freehold,0.2 miles,"£525,000"
https://www.rightmove.co.uk/properties/119337749#/?channel=RES_BUY,"Summer View, Holmfirth",Detached,×4,×2,,Freehold,1.3 miles,"£525,000"
https://www.rightmove.co.uk/properties/130059116#/?channel=RES_BUY,"Summer View, Holmfirth",Detached,×4,×2,,Freehold,1.2 miles,"£525,000"
https://www.rightmove.co.uk/properties/131932037#/?channel=RES_BUY,"Scotgate Road,
HD9 6RE
",Detached,×4,,,Ask developer,0.9 miles,"£509,995"
https://www.rightmove.co.uk/properties/85860213#/?channel=RES_BUY,"Scotgate Road,
HD9 6RE
",Detached,×4,,,Ask developer,0.9 miles,"£509,995"
https://www.rightmove.co.uk/properties/130631786#/?channel=RES_BUY,"Scotgate Road,
HD9 6RE
",Detached,×4,,,Ask developer,0.9 miles,"£501,995"
https://www.rightmove.co.uk/properties/130688204#/?channel=RES_BUY,"Westcroft, Honley",Detached,×4,×2,,Freehold,0.8 miles,"£500,000"
https://www.rightmove.co.uk/properties/126188336#/?channel=RES_BUY,"Cliff Road, Holmfirth",Detached,×4,×2,,Freehold,1.4 miles,"£500,000"
https://www.rightmove.co.uk/properties/121647287#/?channel=RES_BUY,"Clifton Lane, Meltham, Holmfirth",Semi-Detached,×5,×2,,Freehold,2.5 miles,"£500,000"
https://www.rightmove.co.uk/properties/130139090#/?channel=RES_BUY,"Marsh Gardens, West Yorkshire, HD9",Detached,×5,×2,"1,911 sq. ft.",Ask agent,0.6 miles,"£495,000"
https://www.rightmove.co.uk/properties/128442275#/?channel=RES_BUY,"Upper Hagg Road, Holmfirth, HD9",Detached,×4,×1,,Freehold,0.5 miles,"£490,000"
https://www.rightmove.co.uk/properties/85860216#/?channel=RES_BUY,"Scotgate Road,
HD9 6RE
",Detached,×4,,,Ask developer,0.9 miles,"£486,995"
https://www.rightmove.co.uk/properties/130758503#/?channel=RES_BUY,"Moor View, Meltham",Detached,×4,×2,"1,302 sq. ft.",Freehold,1.9 miles,"£475,000"
https://www.rightmove.co.uk/properties/130618805#/?channel=RES_BUY,"Moor View, Meltham, Holmfirth, HD9",Detached,×4,×2,,Freehold,1.9 miles,"£475,000"
https://www.rightmove.co.uk/properties/130242707#/?channel=RES_BUY,"Colders Lane, Meltham, Holmfirth",Detached,×5,×2,,Freehold,2.5 miles,"£475,000"
https://www.rightmove.co.uk/properties/129434342#/?channel=RES_BUY,"River Holme View, Brockholes",Detached,×4,×2,"1,346 sq. ft.",Freehold,0.3 miles,"£475,000"
https://www.rightmove.co.uk/properties/130758503#/?channel=RES_BUY,"Moor View, Meltham",Detached,×4,×2,"1,302 sq. ft.",Freehold,1.9 miles,"£475,000"
https://www.rightmove.co.uk/properties/130243253#/?channel=RES_BUY,"River Holme View, Brockholes, Holmfirth",Detached,×4,×2,,Freehold,0.4 miles,"£465,000"
https://www.rightmove.co.uk/properties/124992284#/?channel=RES_BUY,"Scotgate Road,
HD9 6RE
",Detached,×4,,,Ask developer,0.9 miles,"£461,995"
https://www.rightmove.co.uk/properties/132580235#/?channel=RES_BUY,"Brownhill Lane, Holmbridge, Holmfirth",End of Terrace,×5,×2,,Freehold,3.8 miles,"£450,000"
https://www.rightmove.co.uk/properties/127306019#/?channel=RES_BUY,"Longlands Bank, Thongsbridge, Holmfirth",Detached,×4,×3,,Freehold,1.1 miles,"£450,000"
https://www.rightmove.co.uk/properties/86032605#/?channel=RES_BUY,"Boshaw View, Hade Edge",Detached,×4,×2,,Freehold,3.6 miles,"£450,000"
https://www.rightmove.co.uk/properties/124116608#/?channel=RES_BUY,"Boshaw Mews, Holmfirth, HD9",Detached,×5,×1,,Freehold,2.6 miles,"£450,000"
https://www.rightmove.co.uk/properties/130011326#/?channel=RES_BUY,"Old Turnpike, Honley, Holmfirth",Detached,×4,×2,,Freehold,0.4 miles,"£450,000"
https://www.rightmove.co.uk/properties/131453327#/?channel=RES_BUY,"Sandy Gate, Scholes, Huddersfield",Bungalow,×3,×2,,Freehold,2.2 miles,"£450,000"
https://www.rightmove.co.uk/properties/128087624#/?channel=RES_BUY,"Oldfield Road, Honley, Holmfirth",Character Property,×3,×2,,Freehold,0.6 miles,"£450,000"
https://www.rightmove.co.uk/properties/131318900#/?channel=RES_BUY,"Scotgate Road,
HD9 6RE
",Detached,×4,,,Ask developer,0.9 miles,"£449,995"
https://www.rightmove.co.uk/properties/130162718#/?channel=RES_BUY,"Helme Lane,
Meltham,
HD9 5RJ",Detached,×4,×2,"1,503 sq. ft.",Freehold,2.2 miles,"£449,950"
https://www.rightmove.co.uk/properties/132644750#/?channel=RES_BUY,"Helme Fold, Helme Lane, Meltham, HD9",Detached,×4,×2,"1,503 sq. ft.",Ask agent,2.2 miles,"£449,950"
https://www.rightmove.co.uk/properties/131294999#/?channel=RES_BUY,"Helme Lane,
Meltham,
HD9 5RJ",Detached,×4,×2,"1,503 sq. ft.",Freehold,2.2 miles,"£449,950"
https://www.rightmove.co.uk/properties/122632775#/?channel=RES_BUY,"Scotgate Road,
HD9 6RE
",Detached,×4,,,Ask developer,0.9 miles,"£444,995"
https://www.rightmove.co.uk/properties/86057745#/?channel=RES_BUY,"Birmingham Lane, Meltham, Holmfirth",Detached,×4,×2,"1,345 sq. ft.",Freehold,2.1 miles,"£440,000"
https://www.rightmove.co.uk/properties/125463710#/?channel=RES_BUY,"Spring Bank, Holmfirth",Detached,×4,×2,,Freehold,2.5 miles,"£435,000"
https://www.rightmove.co.uk/properties/132877388#/?channel=RES_BUY,"Weavers Mill Way, New Mill, Holmfirth, West Yorkshire, HD9",Detached,×4,×2,,Freehold,1.2 miles,"£435,000"
https://www.rightmove.co.uk/properties/85989195#/?channel=RES_BUY,"Seymour Walk, Meltham, Holmfirth",Detached,×4,×2,,Freehold,2.7 miles,"£425,000"
https://www.rightmove.co.uk/properties/131450189#/?channel=RES_BUY,"Vicarage Meadows, Holmfirth, Huddersfield, HD9 1DZ",Detached,×4,×2,"1,141 sq. ft.",Freehold,2.3 miles,"£425,000"
https://www.rightmove.co.uk/properties/127237406#/?channel=RES_BUY,"Upper Bank End Road, Holmfirth",Detached,×4,×2,,Freehold,2.2 miles,"£425,000"
https://www.rightmove.co.uk/properties/129017054#/?channel=RES_BUY,"Holmebank Mews, Brockholes, Holmfirth",Detached,×4,×2,,Freehold,0.2 miles,"£425,000"
https://www.rightmove.co.uk/properties/123780032#/?channel=RES_BUY,"Edgemoor Road, Honley",Detached Bungalow,×4,×1,,Freehold,1.0 miles,"£425,000"
https://www.rightmove.co.uk/properties/130684340#/?channel=RES_BUY,"Longlands Bank, Thongsbridge HD9",Detached Bungalow,×3,×2,,Freehold,1.1 miles,"£425,000"
https://www.rightmove.co.uk/properties/130059881#/?channel=RES_BUY,"Summer View, Holmfirth",Detached,×3,×2,,Freehold,1.2 miles,"£415,000"
https://www.rightmove.co.uk/properties/132912437#/?channel=RES_BUY,"Bayfield Close, Hade Edge, Holmfirth",Detached,×4,×2,,Freehold,3.5 miles,"£350,000"
https://www.rightmove.co.uk/properties/129829610#/?channel=RES_BUY,"Summer View, Holmfirth",Detached,×3,×2,,Freehold,1.3 miles,"£415,000"
https://www.rightmove.co.uk/properties/132567113#/?channel=RES_BUY,"Croft Court, Honley, Holmfirth, HD9",Detached,×4,×3,,Freehold,0.7 miles,"£400,000"
https://www.rightmove.co.uk/properties/130903109#/?channel=RES_BUY,"Clitheroe Close, Honley, Holmfirth, HD9",Detached,×3,×2,,Freehold,0.9 miles,"£400,000"
https://www.rightmove.co.uk/properties/127527587#/?channel=RES_BUY,"Thomas Wroe Way, Holmfirth, HD9",Detached,×4,×2,,Freehold,2.2 miles,"£400,000"
https://www.rightmove.co.uk/properties/128391968#/?channel=RES_BUY,"Royds Avenue, New Mill, Holmfirth",Detached,×3,×1,,Freehold,1.5 miles,"£400,000"
https://www.rightmove.co.uk/properties/126972866#/?channel=RES_BUY,"Summervale, Holmfirth",Detached,×3,×2,,Freehold,1.6 miles,"£400,000"
https://www.rightmove.co.uk/properties/120219038#/?channel=RES_BUY,"Woodhead Road, Holmfirth",Bungalow,×4,×2,,Freehold,2.5 miles,"£400,000"
https://www.rightmove.co.uk/properties/128502293#/?channel=RES_BUY,"Summer View, New Mill, Holmfirth",Semi-Detached,×3,×2,,Freehold,1.2 miles,"£398,950"
https://www.rightmove.co.uk/properties/128546621#/?channel=RES_BUY,"Summer View, New Mill, Holmfirth",Semi-Detached,×3,×2,,Freehold,1.2 miles,"£398,950"
https://www.rightmove.co.uk/properties/125804132#/?channel=RES_BUY,"Newgate Fold, Holmfirth",Terraced,×2,×1,,Share of Freehold,2.1 miles,"£395,000"
https://www.rightmove.co.uk/properties/131202623#/?channel=RES_BUY,"Station Road, Holmfirth",Terraced,×3,×1,,Freehold,1.8 miles,"£385,000"
https://www.rightmove.co.uk/properties/130244516#/?channel=RES_BUY,"Mullion Avenue, Honley, Holmfirth, HD9",Detached,×4,×2,,Ask agent,0.9 miles,"£380,000"
https://www.rightmove.co.uk/properties/129604475#/?channel=RES_BUY,"Scholes Road, Jackson Bridge, Holmfirth",Cottage,×3,×1,,Freehold,2.4 miles,"£375,000"
https://www.rightmove.co.uk/properties/126577862#/?channel=RES_BUY,"Booth House Lane, Holmfirth, West Yorkshire, HD9",Semi-Detached,×3,×2,,Freehold,2.7 miles,"£375,000"
https://www.rightmove.co.uk/properties/130242968#/?channel=RES_BUY,"Thick Hollins Drive, Meltham, Holmfirth",Detached,×4,×2,,Freehold,2.6 miles,"£375,000"
https://www.rightmove.co.uk/properties/130227338#/?channel=RES_BUY,"Hall Close, Meltham, Holmfirth",Detached,×4,×2,,Freehold,2.7 miles,"£375,000"
https://www.rightmove.co.uk/properties/125145764#/?channel=RES_BUY,"Darnley Close, Meltham, Holmfirth, HD9",Detached,×3,×2,,Freehold,2.8 miles,"£375,000"
https://www.rightmove.co.uk/properties/123853808#/?channel=RES_BUY,"Netherlea Drive, Netherthong",Detached,×5,×2,,Freehold,1.4 miles,"£365,000"
https://www.rightmove.co.uk/properties/132248510#/?channel=RES_BUY,"Town End Avenue, Holmfirth",Detached,×4,×2,,Freehold,1.4 miles,"£360,000"
https://www.rightmove.co.uk/properties/131730830#/?channel=RES_BUY,"Vicarage Meadows, Cinderhills",Detached Bungalow,×3,×2,,Freehold,2.2 miles,"£359,950"
https://www.rightmove.co.uk/properties/132542591#/?channel=RES_BUY,"Woodchurch View, Thongsbridge, Holmfirth",Detached,×3,×2,,Freehold,1.0 miles,"£350,000"
https://www.rightmove.co.uk/properties/129229295#/?channel=RES_BUY,"Wessenden Head Road, Meltham, Holmfirth",Semi-Detached,×4,×2,,Freehold,2.7 miles,"£350,000"
https://www.rightmove.co.uk/properties/129471239#/?channel=RES_BUY,"Red Lane, Meltham, Holmfirth",Detached Bungalow,×3,×1,,Freehold,2.2 miles,"£350,000"
https://www.rightmove.co.uk/properties/130932608#/?channel=RES_BUY,"Moor Lane, Netherthong, Holmfirth, West Yorkshire, HD9",Detached,×4,×1,,Freehold,1.4 miles,"£350,000"
https://www.rightmove.co.uk/properties/130403279#/?channel=RES_BUY,"Scotgate Road,
HD9 6RE
",Semi-Detached,×3,,,Ask developer,0.9 miles,"£344,995"
https://www.rightmove.co.uk/properties/132912437#/?channel=RES_BUY,"Bayfield Close, Hade Edge, Holmfirth",Detached,×4,×2,,Freehold,3.5 miles,"£350,000"
https://www.rightmove.co.uk/properties/130403279#/?channel=RES_BUY,"Scotgate Road,
HD9 6RE
",Semi-Detached,×3,,,Ask developer,0.9 miles,"£344,995"
https://www.rightmove.co.uk/properties/131106716#/?channel=RES_BUY,"Woodhead Road, Burnlee, Holmfirth, HD9",Character Property,×4,×2,,Freehold,2.6 miles,"£340,000"
https://www.rightmove.co.uk/properties/132699536#/?channel=RES_BUY,"New Mill Road, Brockholes, Holmfirth",Semi-Detached,×4,×2,,Freehold,0.3 miles,"£340,000"
https://www.rightmove.co.uk/properties/132496205#/?channel=RES_BUY,"Moorland View, Meltham, Holmfirth",Semi-Detached,×4,×2,,Freehold,2.3 miles,"£340,000"
https://www.rightmove.co.uk/properties/130253300#/?channel=RES_BUY,"Helme Lane, Meltham, Holmfirth HD9 5RJ",Detached,×4,,,Freehold,2.2 miles,"£340,000"
https://www.rightmove.co.uk/properties/132844307#/?channel=RES_BUY,"40 Far Banks, Holmfirth, HD9 6NW ",End of Terrace,×3,×1,,Freehold,0.5 miles,"£334,995"
https://www.rightmove.co.uk/properties/131246702#/?channel=RES_BUY,"Mill Moor Road, Meltham, Holmfirth, West Yorkshire, HD9",House,×4,×2,,Freehold,2.4 miles,"£325,000"
https://www.rightmove.co.uk/properties/132722603#/?channel=RES_BUY,"Grasmere Road, Meltham, Holmfirth",Detached,×3,×2,,Freehold,2.8 miles,"£325,000"
https://www.rightmove.co.uk/properties/128513606#/?channel=RES_BUY,"Howard Way, Meltham, Holmfirth",Detached,×4,×1,,Freehold,2.7 miles,"£325,000"
https://www.rightmove.co.uk/properties/125357246#/?channel=RES_BUY,"Bridge Lane, Holmfirth, West Yorkshire, HD9",Terraced,×4,×3,,Leasehold,1.8 miles,"£325,000"
https://www.rightmove.co.uk/properties/132673463#/?channel=RES_BUY,"Hanson Road, Meltham, Holmfirth",Semi-Detached,×3,×1,,Freehold,2.5 miles,"£325,000"
https://www.rightmove.co.uk/properties/123831392#/?channel=RES_BUY,"Eastgate, Honley, Holmfirth, HD9 6PA",Detached,×3,×1,"1,119 sq. ft.",Freehold,0.4 miles,"£325,000"
https://www.rightmove.co.uk/properties/85388103#/?channel=RES_BUY,"Ridings Fields, Brockholes, Holmfirth",Detached,×4,×1,,Freehold,0.1 miles,"£320,000"
https://www.rightmove.co.uk/properties/131952047#/?channel=RES_BUY,"20 Town End Avenue, Holmfirth HD9 1QW",Detached,×4,,,Freehold,1.4 miles,"£320,000"
https://www.rightmove.co.uk/properties/132363644#/?channel=RES_BUY,"Boshaw View, Hade Edge",Semi-Detached,×3,×2,880 sq. ft.,Freehold,3.6 miles,"£315,000"
https://www.rightmove.co.uk/properties/86073249#/?channel=RES_BUY,"Pavilion Way, Meltham, Holmfirth, West Yorkshire, HD9",Detached,×3,×2,,Freehold,2.5 miles,"£310,000"
https://www.rightmove.co.uk/properties/131136272#/?channel=RES_BUY,"The Waterside, Thongsbridge, HOLMFIRTH, West Yorkshire",Semi-Detached,×4,×3,,Ask agent,0.6 miles,"£310,000"
https://www.rightmove.co.uk/properties/131620982#/?channel=COM_BUY,"Upperthong Lane, Holmfirth",Land,,,,,2.3 miles,"£300,000"
https://www.rightmove.co.uk/properties/132149603#/?channel=RES_BUY,"Town End Road, Holmfirth, HD9",Semi-Detached,×3,×1,,Freehold,1.4 miles,"£300,000"
https://www.rightmove.co.uk/properties/130561970#/?channel=RES_BUY,"Pavilion Way, Meltham",Detached,×3,×2,,Freehold,2.5 miles,"£300,000"
https://www.rightmove.co.uk/properties/131827616#/?channel=RES_BUY,"Fern Avenue, Meltham, Holmfirth",Detached Bungalow,×2,×1,,Freehold,2.1 miles,"£300,000"
https://www.rightmove.co.uk/properties/132332684#/?channel=RES_BUY,"Rosegarth Avenue, Holmfirth, West Yorkshire, HD9",Semi-Detached,×3,×1,,Freehold,1.2 miles,"£300,000"
https://www.rightmove.co.uk/properties/130976768#/?channel=RES_BUY,"Meltham Hall, Meltham, Holmfirth",Apartment,×2,×1,,Leasehold,2.7 miles,"£300,000"
https://www.rightmove.co.uk/properties/130162718#/?channel=RES_BUY,"Helme Lane,
Meltham,
HD9 5RJ",Detached,×4,×2,"1,503 sq. ft.",Freehold,2.2 miles,"£449,950"
https://www.rightmove.co.uk/properties/126554441#/?channel=RES_BUY,"Scholes Moor Road, Scholes",Detached,×3,×2,"1,140 sq. ft.",Freehold,2.6 miles,"£300,000"
https://www.rightmove.co.uk/properties/132228824#/?channel=RES_BUY,"Thirstin Road, Honley, Holmfirth",Semi-Detached,×2,×1,,Freehold,0.7 miles,"£299,950"
https://www.rightmove.co.uk/properties/132210161#/?channel=RES_BUY,"Slaithwaite Road, Meltham",Semi-Detached,×3,×1,"1,453 sq. ft.",Freehold,2.3 miles,"£295,000"
https://www.rightmove.co.uk/properties/132917069#/?channel=RES_BUY,"Ryecroft Lane , Scholes",End of Terrace,×3,×1,,Freehold,2.4 miles,"£290,000"
https://www.rightmove.co.uk/properties/132600269#/?channel=RES_BUY,"Dean Brook Road, Netherthong, Holmfirth, West Yorkshire, HD9",Town House,×3,×2,,Freehold,1.1 miles,"£290,000"
https://www.rightmove.co.uk/properties/132912020#/?channel=RES_BUY,"Moorland View, Meltham, Holmfirth",Semi-Detached,×3,×1,,Freehold,2.3 miles,"£290,000"
https://www.rightmove.co.uk/properties/125357942#/?channel=RES_BUY,"The Woodlands, Meltham",Apartment,×2,×2,"1,455 sq. ft.",Leasehold,3.0 miles,"£285,000"
https://www.rightmove.co.uk/properties/132289544#/?channel=RES_BUY,"Lea Rise, Honley, Holmfirth, HD9",Bungalow,×2,×1,,Freehold,0.8 miles,"£285,000"
https://www.rightmove.co.uk/properties/132722357#/?channel=RES_BUY,"Huddersfield Road, Thongsbridge, Holmfirth",Semi-Detached,×3,×1,,Freehold,1.2 miles,"£280,000"
https://www.rightmove.co.uk/properties/128859707#/?channel=RES_BUY,"Totties Lane, Scholes",Semi-Detached,×3,×1,925 sq. ft.,Freehold,2.0 miles,"£279,950"
https://www.rightmove.co.uk/properties/131339885#/?channel=RES_BUY,"Poppy Gardens, Meltham, Holmfirth HD9 5AU",Semi-Detached,×3,,,Freehold,2.4 miles,"£275,000"
https://www.rightmove.co.uk/properties/132224063#/?channel=RES_BUY,"Helme Park, Meltham, Holmfirth, West Yorkshire, HD9",Semi-Detached,×4,×3,,Freehold,2.2 miles,"£270,000"
https://www.rightmove.co.uk/properties/128689859#/?channel=RES_BUY,"Southgate, Honley, Holmfirth",Character Property,×3,×1,,Freehold,0.5 miles,"£270,000"
https://www.rightmove.co.uk/properties/130925576#/?channel=RES_BUY,"Albion Gardens, Meltham",Town House,×4,×2,"1,140 sq. ft.",Freehold,2.4 miles,"£260,000"
https://www.rightmove.co.uk/properties/121824353#/?channel=RES_BUY,"Broadfield Park, Holmbridge, Holmfirth, HD9",Semi-Detached,×3,×2,,Freehold,3.3 miles,"£260,000"
https://www.rightmove.co.uk/properties/128491592#/?channel=RES_BUY,"Fulstone, New Mill, Holmfirth",Character Property,×3,×1,,Freehold,1.1 miles,"£257,000"
https://www.rightmove.co.uk/properties/131805356#/?channel=RES_BUY,"Dean Brook Road, Netherthong, Holmfirth",Terraced,×3,×1,,Freehold,1.1 miles,"£250,000"
https://www.rightmove.co.uk/properties/131339636#/?channel=RES_BUY,"Stony Lane, Honley, Holmfirth, HD9",Bungalow,×2,×1,,Freehold,0.8 miles,"£245,000"
https://www.rightmove.co.uk/properties/129166385#/?channel=RES_BUY,"Holmebank Mews, Brockholes, Holmfirth",Terraced,×4,×1,,Freehold,0.2 miles,"£244,950"
https://www.rightmove.co.uk/properties/130523798#/?channel=RES_BUY,"Woodhead Road, Holmfirth, West Yorkshire, HD9",Terraced,×2,×1,,Freehold,2.2 miles,"£240,000"
https://www.rightmove.co.uk/properties/132803738#/?channel=RES_BUY,"Fisher Green, Honley, Holmfirth",Terraced,×2,×1,,Freehold,0.9 miles,"£240,000"
https://www.rightmove.co.uk/properties/130187816#/?channel=RES_BUY,"The Cutting, Brockholes",Terraced,×2,×1,785 sq. ft.,Freehold,0.4 miles,"£239,950"
https://www.rightmove.co.uk/properties/130368278#/?channel=RES_BUY,"Greenfield Road, Holmfirth, HD9",Semi-Detached,×3,×1,,Ask agent,2.4 miles,"£235,000"
https://www.rightmove.co.uk/properties/131767586#/?channel=RES_BUY,"Oakes Avenue, Brockholes, Holmfirth",Semi-Detached,×2,×1,,Freehold,0.3 miles,"£230,000"
https://www.rightmove.co.uk/properties/130162718#/?channel=RES_BUY,"Helme Lane,
Meltham,
HD9 5RJ",Detached,×4,×2,"1,503 sq. ft.",Freehold,2.2 miles,"£449,950"
https://www.rightmove.co.uk/properties/132161993#/?channel=RES_BUY,"Magdale, Honley, Holmfirth",Cottage,×2,×1,,Freehold,0.4 miles,"£230,000"
https://www.rightmove.co.uk/properties/132074360#/?channel=RES_BUY,"Grassmoor Fold, Honley, Holmfirth",Terraced,×3,×1,,Freehold,0.7 miles,"£230,000"
https://www.rightmove.co.uk/properties/132544520#/?channel=RES_BUY,"Woodlands Avenue, Holmfirth, West Yorkshire, HD9",End of Terrace,×3,×1,,Freehold,0.7 miles,"£220,000"
https://www.rightmove.co.uk/properties/130952471#/?channel=RES_BUY,"Manor Houses, Meltham, Holmfirth",Terraced,×3,×1,,Freehold,2.6 miles,"£220,000"
https://www.rightmove.co.uk/properties/130526072#/?channel=RES_BUY,"Scholes Moor Road, Scholes, Holmfirth, West Yorkshire, HD9",Semi-Detached,×2,×1,,Freehold,2.6 miles,"£220,000"
https://www.rightmove.co.uk/properties/131592566#/?channel=RES_BUY,"New Mill Road, Brockholes, Holmfirth, West Yorkshire, HD9 7EG",Bungalow,×3,,,Freehold,0.4 miles,"£220,000"
https://www.rightmove.co.uk/properties/131296388#/?channel=RES_BUY,"Prospect Place, Holmfirth, West Yorkshire, HD9",Terraced,×3,×1,,Freehold,2.1 miles,"£220,000"
https://www.rightmove.co.uk/properties/85986552#/?channel=RES_BUY,"New Mill Road, Brockholes, Holmfirth, HD9",Detached Bungalow,×3,×1,,Freehold,0.4 miles,"£220,000"
https://www.rightmove.co.uk/properties/128854850#/?channel=RES_BUY,"Lower Reins Terrace, Huddersfield Road",End of Terrace,×2,×1,,Freehold,0.3 miles,"£215,000"
https://www.rightmove.co.uk/properties/132808520#/?channel=RES_BUY,"Cooperative Terrace, Holmfirth, HD9",Terraced,×3,×1,,Freehold,1.3 miles,"£210,000"
https://www.rightmove.co.uk/properties/121774883#/?channel=RES_BUY,"Cliff Road, Holmfirth",Terraced,×3,×1,,Freehold,1.8 miles,"£210,000"
https://www.rightmove.co.uk/properties/121836578#/?channel=RES_BUY,"Dunford Road, Holmfirth",Terraced,×3,×1,,Freehold,2.2 miles,"£207,500"
https://www.rightmove.co.uk/properties/132338579#/?channel=RES_BUY,"Beech Avenue, Thongsbridge, Holmfirth, West Yorkshire, HD9",End of Terrace,×3,×1,,Freehold,0.7 miles,"£200,000"
https://www.rightmove.co.uk/properties/132752669#/?channel=RES_BUY,"Upper Fold, Honley, Holmfirth",Terraced,×3,×1,,Freehold,0.5 miles,"£200,000"
https://www.rightmove.co.uk/properties/131159819#/?channel=RES_BUY,"Water Street, Holmbridge, Holmfirth",Terraced,×1,×1,538 sq. ft.,Freehold,3.0 miles,"£195,000"
https://www.rightmove.co.uk/properties/132823805#/?channel=RES_BUY,"21 Penistone Road, Holmfirth, HD9 7JP ",End of Terrace,×2,×2,,Leasehold,1.7 miles,"£195,000"
https://www.rightmove.co.uk/properties/131521922#/?channel=RES_BUY,"Town Head, Honley, Holmfirth, HD9",Cottage,×2,×1,,Freehold,0.6 miles,"£195,000"
https://www.rightmove.co.uk/properties/127578098#/?channel=RES_BUY,"Wildspur Mills, New Mill HD9",Apartment,×2,×2,,Leasehold,2.0 miles,"£190,000"
https://www.rightmove.co.uk/properties/130733309#/?channel=RES_BUY,"Hepworth Crescent, Hepworth, Holmfirth",End of Terrace,×3,×1,,Freehold,2.7 miles,"£190,000"
https://www.rightmove.co.uk/properties/132791018#/?channel=RES_BUY,"France Fold, Honley, Holmfirth. , HD9",Cottage,×2,×1,,Freehold,0.6 miles,"£185,000"
https://www.rightmove.co.uk/properties/131938244#/?channel=RES_BUY,"School Street, Honley, Holmfirth, West Yorkshire, HD9",Semi-Detached,×2,×1,,Freehold,0.6 miles,"£185,000"
https://www.rightmove.co.uk/properties/129585755#/?channel=RES_BUY,"Exchange, Honley, Holmfirth, HD9",Cottage,×3,×1,,Freehold,0.6 miles,"£185,000"
https://www.rightmove.co.uk/properties/130868822#/?channel=RES_BUY,"Roundway, Honley",Terraced,×3,×1,,Freehold,0.8 miles,"£185,000"
https://www.rightmove.co.uk/properties/130203599#/?channel=RES_BUY,"Bank Street, Jackson Bridge, Holmfirth, HD9",Cottage,×3,×1,,Freehold,2.4 miles,"£184,000"
https://www.rightmove.co.uk/properties/124192058#/?channel=RES_BUY,"Wilshaw Road, Meltham, Holmfirth",Detached,×5,×3,,Freehold,2.4 miles,"£825,000"
https://www.rightmove.co.uk/properties/130203599#/?channel=RES_BUY,"Bank Street, Jackson Bridge, Holmfirth, HD9",Cottage,×3,×1,,Freehold,2.4 miles,"£184,000"
https://www.rightmove.co.uk/properties/131897504#/?channel=RES_BUY,"Dyson Hill, Honley, Holmfirth",Terraced,×3,×1,,Freehold,0.7 miles,"£180,000"
https://www.rightmove.co.uk/properties/131740364#/?channel=RES_BUY,"Stony Lane, Honley, Holmfirth",Cottage,×2,×1,,Freehold,0.8 miles,"£180,000"
https://www.rightmove.co.uk/properties/132401435#/?channel=RES_BUY,"The Hollow, Meltham, Holmfirth, West Yorkshire, HD9",End of Terrace,×2,×1,,Ask agent,2.3 miles,"£180,000"
https://www.rightmove.co.uk/properties/128895320#/?channel=RES_BUY,"Green Lane, Holmfirth",Apartment,×2,×1,,Leasehold,2.8 miles,"£179,950"
https://www.rightmove.co.uk/properties/132861521#/?channel=RES_BUY,"Oakes Avenue, Brockholes, Holmfirth, HD9",Terraced,×3,×1,,Leasehold,0.4 miles,"£179,950"
https://www.rightmove.co.uk/properties/128601872#/?channel=RES_BUY,"Off Helme Lane, Meltham",Semi-Detached,×2,×1,,Freehold,2.2 miles,"£179,500"
https://www.rightmove.co.uk/properties/128601878#/?channel=RES_BUY,"Off Helme Lane, Meltham",Semi-Detached,×2,×1,,Freehold,2.2 miles,"£179,500"
https://www.rightmove.co.uk/properties/132377933#/?channel=RES_BUY,"Hill Top View, Hade Edge, Holmfirth, West Yorkshire, HD9",Terraced,×2,×1,,Freehold,3.4 miles,"£175,000"
https://www.rightmove.co.uk/properties/86038935#/?channel=RES_BUY,"Oakes Lane, Brockholes, Holmfirth, West Yorkshire, HD9",Terraced,×3,×1,,Freehold,0.2 miles,"£175,000"
https://www.rightmove.co.uk/properties/127435670#/?channel=RES_BUY,"St. Georges Road, Scholes, Holmfirth",Cottage,×2,×1,,Freehold,2.2 miles,"£170,000"
https://www.rightmove.co.uk/properties/132910202#/?channel=RES_BUY,"Royds Drive, New Mill",Semi-Detached,×3,×1,,Freehold,1.4 miles,"£170,000"
https://www.rightmove.co.uk/properties/132070778#/?channel=RES_BUY,"Dam Head, Holmbridge, Holmfirth",Terraced,×2,×1,,Freehold,3.1 miles,"£170,000"
https://www.rightmove.co.uk/properties/85807188#/?channel=RES_BUY,"Broomhill Close, Scholes, Holmfirth",Terraced,×3,×1,,Freehold,2.4 miles,"£170,000"
https://www.rightmove.co.uk/properties/132187148#/?channel=RES_BUY,"Jaggar Lane, Honley, Holmfirth, HD9",Terraced,×2,×1,,Freehold,0.7 miles,"£170,000"
https://www.rightmove.co.uk/properties/132036164#/?channel=RES_BUY,"Huddersfield Road, Honley, Holmfirth, HD9 6LT",Terraced,×2,×1,,Ask agent,0.3 miles,"£169,995"
https://www.rightmove.co.uk/properties/132109667#/?channel=RES_BUY,"Huddersfield Road, Honley, Holmfirth",Character Property,×2,×1,,Freehold,0.3 miles,"£169,995"
https://www.rightmove.co.uk/properties/127118825#/?channel=RES_BUY,"Luke Lane, Thongsbridge, Holmfirth, West Yorkshire, HD9",Apartment,×3,×2,,Leasehold,0.6 miles,"£160,000"
https://www.rightmove.co.uk/properties/131367182#/?channel=RES_BUY,"Dunford Road, Holmfirth",Apartment,×2,×1,,Freehold,2.2 miles,"£160,000"
https://www.rightmove.co.uk/properties/132812120#/?channel=RES_BUY,"Royds Avenue, New Mill, Holmfirth, West Yorkshire, HD9",Terraced,×3,×1,,Freehold,1.5 miles,"£160,000"
https://www.rightmove.co.uk/properties/132906794#/?channel=RES_BUY,"New Street, Meltham, Holmfirth HD9 5NT",End of Terrace,×3,,,Freehold,2.5 miles,"£155,000"
https://www.rightmove.co.uk/properties/129177416#/?channel=RES_BUY,"Copley Avenue, Meltham, Holmfirth HD9 5LS",Terraced,×3,,,Freehold,2.2 miles,"£155,000"
https://www.rightmove.co.uk/properties/114841043#/?channel=COM_BUY,"Longlands Bank, Holmfirth",Land,,,,,1.1 miles,"£150,000"
https://www.rightmove.co.uk/properties/132042545#/?channel=RES_BUY,"Upper Sunny Bank Mews, Meltham, Holmfirth, West Yorkshire, HD9",Apartment,×2,×1,,Leasehold,2.2 miles,"£150,000"
https://www.rightmove.co.uk/properties/132699536#/?channel=RES_BUY,"New Mill Road, Brockholes, Holmfirth",Semi-Detached,×4,×2,,Freehold,0.3 miles,"£340,000"
https://www.rightmove.co.uk/properties/132884360#/?channel=RES_BUY,"Greenhill Bank Road, New Mill, Holmfirth, West Yorkshire, HD9",Terraced,×2,×1,,Freehold,1.6 miles,"£150,000"
https://www.rightmove.co.uk/properties/128118764#/?channel=RES_BUY,"Thick Hollins, Meltham, Holmfirth, West Yorkshire, HD9",Terraced,×2,×1,,Freehold,2.8 miles,"£150,000"
https://www.rightmove.co.uk/properties/132862502#/?channel=RES_BUY,"Holmclose, Holmbridge, Holmfirth, West Yorkshire, HD9",Semi-Detached,×2,×1,,Freehold,3.4 miles,"£150,000"
https://www.rightmove.co.uk/properties/126592619#/?channel=RES_BUY,"France Hill, Honley, Holmfirth, HD9",Terraced,×2,×1,,Freehold,0.5 miles,"£148,000"
https://www.rightmove.co.uk/properties/132719606#/?channel=RES_BUY,"Upper Sunny Bank Mews, Meltham, Holmfirth",Apartment,×2,×1,,Leasehold,2.2 miles,"£140,000"
